"Status","Start Time","Stop Time","Duration in ms","Parent Suite","Suite","Sub Suite","Test Class","Test Method","Name","Description"
"failed","Wed Oct 25 16:18:09 GMT 2023","Wed Oct 25 16:18:09 GMT 2023","61","","cloud.autotests.jenkins.NegativeTests","","cloud.autotests.jenkins.NegativeTests","someTest1","someTest1()",""
"skipped","Wed Oct 25 16:18:10 GMT 2023","Wed Oct 25 16:18:10 GMT 2023","0","","cloud.autotests.jenkins.SkippedTests","","cloud.autotests.jenkins.SkippedTests","someTest1","someTest1()",""
"passed","Wed Oct 25 16:18:10 GMT 2023","Wed Oct 25 16:18:10 GMT 2023","10","","cloud.autotests.jenkins.PositiveTests","","cloud.autotests.jenkins.PositiveTests","someTest5","someTest5()",""
"passed","Wed Oct 25 16:18:10 GMT 2023","Wed Oct 25 16:18:10 GMT 2023","1","","cloud.autotests.jenkins.PositiveTests","","cloud.autotests.jenkins.PositiveTests","someTest8","someTest8()",""
"passed","Wed Oct 25 16:18:10 GMT 2023","Wed Oct 25 16:18:10 GMT 2023","0","","cloud.autotests.jenkins.PositiveTests","","cloud.autotests.jenkins.PositiveTests","someTest","someTest()",""
"failed","Wed Oct 25 16:18:10 GMT 2023","Wed Oct 25 16:18:10 GMT 2023","2","","cloud.autotests.jenkins.NegativeTests","","cloud.autotests.jenkins.NegativeTests","someTest4","someTest4()",""
"failed","Wed Oct 25 16:18:10 GMT 2023","Wed Oct 25 16:18:10 GMT 2023","1","","cloud.autotests.jenkins.NegativeTests","","cloud.autotests.jenkins.NegativeTests","someTest6","someTest6()",""
"passed","Wed Oct 25 16:18:10 GMT 2023","Wed Oct 25 16:18:10 GMT 2023","10","","cloud.autotests.jenkins.PositiveTests","","cloud.autotests.jenkins.PositiveTests","someTest2","someTest2()",""
"passed","Wed Oct 25 16:18:10 GMT 2023","Wed Oct 25 16:18:10 GMT 2023","3","","cloud.autotests.jenkins.PositiveTests","","cloud.autotests.jenkins.PositiveTests","someTest6","someTest6()",""
"passed","Wed Oct 25 16:18:10 GMT 2023","Wed Oct 25 16:18:10 GMT 2023","4","","cloud.autotests.jenkins.PositiveTests","","cloud.autotests.jenkins.PositiveTests","someTest1","someTest1()",""
"passed","Wed Oct 25 16:18:10 GMT 2023","Wed Oct 25 16:18:10 GMT 2023","1","","cloud.autotests.jenkins.PositiveTests","","cloud.autotests.jenkins.PositiveTests","someTest3","someTest3()",""
"passed","Wed Oct 25 16:18:10 GMT 2023","Wed Oct 25 16:18:10 GMT 2023","4","","cloud.autotests.jenkins.PositiveTests","","cloud.autotests.jenkins.PositiveTests","someTest9","someTest9()",""
"failed","Wed Oct 25 16:18:10 GMT 2023","Wed Oct 25 16:18:10 GMT 2023","5","","cloud.autotests.jenkins.NegativeTests","","cloud.autotests.jenkins.NegativeTests","someTest3","someTest3()",""
"failed","Wed Oct 25 16:18:10 GMT 2023","Wed Oct 25 16:18:10 GMT 2023","1","","cloud.autotests.jenkins.NegativeTests","","cloud.autotests.jenkins.NegativeTests","someTest2","someTest2()",""
"skipped","Wed Oct 25 16:18:10 GMT 2023","Wed Oct 25 16:18:10 GMT 2023","0","","cloud.autotests.jenkins.SkippedTests","","cloud.autotests.jenkins.SkippedTests","someTest","someTest()",""
"failed","Wed Oct 25 16:18:10 GMT 2023","Wed Oct 25 16:18:10 GMT 2023","6","","cloud.autotests.jenkins.NegativeTests","","cloud.autotests.jenkins.NegativeTests","someTest","someTest()",""
"failed","Wed Oct 25 16:18:10 GMT 2023","Wed Oct 25 16:18:10 GMT 2023","1","","cloud.autotests.jenkins.NegativeTests","","cloud.autotests.jenkins.NegativeTests","someTest5","someTest5()",""
"passed","Wed Oct 25 16:18:10 GMT 2023","Wed Oct 25 16:18:10 GMT 2023","7","","cloud.autotests.jenkins.PositiveTests","","cloud.autotests.jenkins.PositiveTests","someTest4","someTest4()",""
"passed","Wed Oct 25 16:18:10 GMT 2023","Wed Oct 25 16:18:10 GMT 2023","35","","cloud.autotests.jenkins.PositiveTests","","cloud.autotests.jenkins.PositiveTests","someTest7","someTest7()",""
